{"time_of_day": "dawn", "time_since_midnight": 53674.22098863229, "cloud_cover": [2.980880309295554, 2.0318339458959347, 1.0543929395447342], "rain_snow_none": "snow", "cloud_type": [4, 5, 1], "cloud_heights": [790.6012438965241, 940.0203935518284, 1073.8635750418925], "rain_percent": 0.5592577142239326}