{"time_of_day": "dusk", "time_since_midnight": 6585.026629973741, "cloud_cover": [1.0924781681851234, 2.1363910023918082, 2.6416713007625234], "rain_snow_none": "snow", "cloud_type": [2, 1, 1], "cloud_heights": [615.6121496597859, 755.8885070286999, 891.4504746814542], "rain_percent": 0.9718705969760297}