{"time_of_day": "night", "time_since_midnight": 28101.785503533058, "cloud_cover": [1.7324518602343695, 3.5383232887, 2.6340082300577015], "rain_snow_none": "rain", "cloud_type": [5, 2, 3], "cloud_heights": [580.8630631373621, 746.2240552430908, 1599.9314514682978], "rain_percent": 0.28990236496045874}