{"time_of_day": "dawn", "time_since_midnight": 53879.96282164845, "cloud_cover": [2.7851617418629098, 2.9009012849811593, 1.6438699224950053], "rain_snow_none": "snow", "cloud_type": [2, 1, 3], "cloud_heights": [70.04943067838099, 982.9823216591045, 1223.750568378337], "rain_percent": 0.9059018400762904}