{"time_of_day": "dawn", "time_since_midnight": 53138.26906118613, "cloud_cover": [1.9329113079647597, 3.315732605806761, 1.5187043135943379], "rain_snow_none": "none", "cloud_type": [3, 5, 4], "cloud_heights": [149.82990921098315, 575.5664099129169, 1564.296433429171], "rain_percent": 0.0}