{"time_of_day": "day", "time_since_midnight": 78364.30087799167, "cloud_cover": [2.042701099399928, 1.8784658883318008, 3.834229218197844], "rain_snow_none": "snow", "cloud_type": [4, 2, 4], "cloud_heights": [690.5792194108514, 955.9582960402593, 1749.4979510935468], "rain_percent": 0.2147939223444545}