{"time_of_day": "day", "time_since_midnight": 64001.60338431554, "cloud_cover": [1.7162206524219772, 2.872485770791549, 1.4024316756442898], "rain_snow_none": "none", "cloud_type": [1, 3, 1], "cloud_heights": [219.82166761891042, 573.1200367999608, 1413.9555894407117], "rain_percent": 0.0}