{"time_of_day": "day", "time_since_midnight": 56691.53687011247, "cloud_cover": [3.5172558883696814, 2.497706056421878, 1.743747431459762], "rain_snow_none": "none", "cloud_type": [3, 2, 4], "cloud_heights": [287.71968683540894, 1211.7605971572027, 1232.4317960054675], "rain_percent": 0.0}