{"time_of_day": "dusk", "time_since_midnight": 6093.395093225641, "cloud_cover": [3.069841269709451, 1.7617029198655811, 2.542169454157486], "rain_snow_none": "rain", "cloud_type": [1, 2, 1], "cloud_heights": [529.1078223305852, 883.1913706776684, 919.612340121531], "rain_percent": 0.8160135639555437}