{"time_of_day": "day", "time_since_midnight": 56203.72797686711, "cloud_cover": [1.78046952320967, 2.5603814351039245, 3.468689473985804], "rain_snow_none": "none", "cloud_type": [5, 5, 1], "cloud_heights": [42.314707147854676, 93.57419668463007, 415.4980506974827], "rain_percent": 0.0}