{"time_of_day": "dusk", "time_since_midnight": 6716.600902658829, "cloud_cover": [1.684223511539201, 2.3462587330089373, 1.2422556208063402], "rain_snow_none": "none", "cloud_type": [2, 2, 5], "cloud_heights": [299.3305917118776, 606.722356083187, 1462.178220146453], "rain_percent": 0.0}