{"time_of_day": "dusk", "time_since_midnight": 6244.113351240754, "cloud_cover": [2.983858958296891, 1.092010845575668, 1.162936785422589], "rain_snow_none": "rain", "cloud_type": [5, 2, 2], "cloud_heights": [505.6889452820537, 1171.0884663736808, 1728.6692012518015], "rain_percent": 0.9120736644862549}