{"time_of_day": "dawn", "time_since_midnight": 52399.04374133332, "cloud_cover": [1.9774653166552656, 2.5639614296822915, 2.4386311750696232], "rain_snow_none": "snow", "cloud_type": [2, 4, 3], "cloud_heights": [957.970170070589, 1112.5558971361693, 2014.4398149699648], "rain_percent": 0.9313554703680309}