{"time_of_day": "night", "time_since_midnight": 25671.490117684472, "cloud_cover": [3.645025740238937, 2.0790394327253736, 1.8018482502599165], "rain_snow_none": "snow", "cloud_type": [2, 5, 1], "cloud_heights": [44.66584940093754, 900.8875853219071, 1467.9669784248779], "rain_percent": 0.9294070403835086}