{"time_of_day": "night", "time_since_midnight": 26704.663718475058, "cloud_cover": [2.1558463056775214, 2.988300279319483, 1.8428863154660424], "rain_snow_none": "rain", "cloud_type": [1, 4, 5], "cloud_heights": [951.6558938448636, 1625.6717645687522, 2614.3020162970156], "rain_percent": 0.4245699398793933}