{"time_of_day": "night", "time_since_midnight": 37261.153688060294, "cloud_cover": [1.5559452060147443, 2.4526096632811694, 1.8621052610894089], "rain_snow_none": "snow", "cloud_type": [3, 5, 2], "cloud_heights": [495.3734435241495, 1138.1104718718736, 2132.906675749534], "rain_percent": 0.6320839364431523}