{"time_of_day": "day", "time_since_midnight": 185.72806987917284, "cloud_cover": [2.249717018892939, 1.8768386340764995, 3.379270464374013], "rain_snow_none": "none", "cloud_type": [4, 2, 4], "cloud_heights": [207.84925891044836, 644.7908181371795, 1509.1622493488844], "rain_percent": 0.0}