{"time_of_day": "dawn", "time_since_midnight": 54113.51561904257, "cloud_cover": [2.4744485071294404, 2.335380990445791, 2.3938030704573743], "rain_snow_none": "rain", "cloud_type": [3, 1, 1], "cloud_heights": [934.5279252323742, 1665.9032092449615, 2664.7215610408985], "rain_percent": 0.6683495628609862}