{"time_of_day": "dawn", "time_since_midnight": 53512.03269939234, "cloud_cover": [1.9314818498252704, 1.6277524436117337, 2.2541540384926173], "rain_snow_none": "none", "cloud_type": [5, 3, 1], "cloud_heights": [698.5527054831588, 1596.659119500403, 2052.3730511361405], "rain_percent": 0.0}