{"time_of_day": "dusk", "time_since_midnight": 6829.486310700624, "cloud_cover": [1.393870277969798, 3.1611245625886806, 2.6869716392584793], "rain_snow_none": "snow", "cloud_type": [4, 1, 1], "cloud_heights": [296.27536653596167, 561.7679423576803, 1419.586183049629], "rain_percent": 0.9751905654119939}