{"time_of_day": "day", "time_since_midnight": 70244.97975477522, "cloud_cover": [3.1159528334925213, 3.1741429007432034, 3.5544346275256418], "rain_snow_none": "snow", "cloud_type": [5, 5, 4], "cloud_heights": [980.3912443926115, 1107.9527581017337, 1290.453038601806], "rain_percent": 0.0733722865515064}