{"time_of_day": "dusk", "time_since_midnight": 6676.267739752948, "cloud_cover": [3.8925262037223103, 3.7377432649807782, 1.5377961496647004], "rain_snow_none": "rain", "cloud_type": [4, 4, 1], "cloud_heights": [759.8180380524799, 1028.2797740140963, 1554.4895068429514], "rain_percent": 0.5760137370791129}