{"time_of_day": "night", "time_since_midnight": 20862.55462643795, "cloud_cover": [1.7192296285241278, 2.5761190594949843, 3.0347268122227296], "rain_snow_none": "rain", "cloud_type": [2, 4, 1], "cloud_heights": [828.6768644184663, 1599.8881587586127, 2287.336944287294], "rain_percent": 0.32435373594175665}