{"time_of_day": "dusk", "time_since_midnight": 5773.612317764346, "cloud_cover": [2.5091355738039365, 3.808222078719993, 1.3268334087810194], "rain_snow_none": "rain", "cloud_type": [3, 1, 4], "cloud_heights": [136.1544539987637, 287.19300004556874, 537.00078112104], "rain_percent": 0.20139391358494874}