{"time_of_day": "day", "time_since_midnight": 66100.17626082207, "cloud_cover": [2.5414675207502997, 3.039915558639956, 1.4897569881042139], "rain_snow_none": "rain", "cloud_type": [5, 3, 3], "cloud_heights": [388.31930388754154, 458.3344895955289, 846.165795577688], "rain_percent": 0.4535466442151129}