{"time_of_day": "night", "time_since_midnight": 10933.184945283982, "cloud_cover": [3.848604966574507, 2.727151430929282, 1.7362591522062916], "rain_snow_none": "snow", "cloud_type": [1, 3, 4], "cloud_heights": [23.104236098204, 541.5784873458263, 836.9679149845624], "rain_percent": 0.0021531874620385194}