{"time_of_day": "day", "time_since_midnight": 62161.839499057634, "cloud_cover": [1.928989270346213, 1.138051278583943, 3.8432738833170195], "rain_snow_none": "snow", "cloud_type": [5, 1, 1], "cloud_heights": [883.6010916594563, 1551.2334458758614, 2511.3120512015116], "rain_percent": 0.909843810090932}