{"time_of_day": "night", "time_since_midnight": 17255.89720534526, "cloud_cover": [3.6370994983429576, 1.7071243258858075, 3.107056386286413], "rain_snow_none": "snow", "cloud_type": [1, 4, 3], "cloud_heights": [533.5369725909447, 1139.3608949789414, 1938.2827579562734], "rain_percent": 0.17385949188848482}