{"time_of_day": "dawn", "time_since_midnight": 53798.317078177126, "cloud_cover": [3.8480778144808068, 2.8725581995620493, 1.0963979246263515], "rain_snow_none": "rain", "cloud_type": [1, 4, 3], "cloud_heights": [266.25843053545964, 736.346142227778, 1545.8504037472242], "rain_percent": 0.9103770623945106}