{"time_of_day": "night", "time_since_midnight": 45088.60783422532, "cloud_cover": [2.5067811059437357, 3.399803380641617, 2.751556064256981], "rain_snow_none": "none", "cloud_type": [1, 1, 5], "cloud_heights": [840.0230835210367, 1430.9086368271114, 1824.1910033420636], "rain_percent": 0.0}