{"time_of_day": "day", "time_since_midnight": 55729.756150499736, "cloud_cover": [2.9588009265572395, 3.589883690438361, 1.1471221896479602], "rain_snow_none": "rain", "cloud_type": [2, 1, 4], "cloud_heights": [530.1157969373158, 1479.358728438454, 2295.5941077968573], "rain_percent": 0.20417325854875834}