{"time_of_day": "dawn", "time_since_midnight": 53251.64740535243, "cloud_cover": [2.9277967168075296, 2.2010655706857536, 3.594959990647647], "rain_snow_none": "snow", "cloud_type": [1, 1, 1], "cloud_heights": [986.6920542768759, 1903.7952516752803, 2275.8491831976894], "rain_percent": 0.902317485853151}