{"time_of_day": "dawn", "time_since_midnight": 52323.5440616794, "cloud_cover": [3.078855306962175, 3.102635724476718, 1.6983801922566397], "rain_snow_none": "none", "cloud_type": [3, 2, 3], "cloud_heights": [527.8113154830718, 574.4662571045028, 1420.5127088222566], "rain_percent": 0.0}