{"time_of_day": "dawn", "time_since_midnight": 53657.127606057824, "cloud_cover": [2.35903621392326, 1.4122170023890361, 2.185554389254471], "rain_snow_none": "none", "cloud_type": [2, 5, 2], "cloud_heights": [758.8555358965559, 1662.740316512404, 2081.1300146027206], "rain_percent": 0.0}