{"time_of_day": "day", "time_since_midnight": 69810.39723236726, "cloud_cover": [3.797856988704595, 3.39555134335012, 3.7450737203242115], "rain_snow_none": "rain", "cloud_type": [4, 5, 2], "cloud_heights": [842.1405605775051, 1643.7482074115323, 2084.0572972209147], "rain_percent": 0.9849580644296698}