{"time_of_day": "dawn", "time_since_midnight": 52049.574045835994, "cloud_cover": [3.1949848617212795, 2.9218077071894, 1.8974071412687568], "rain_snow_none": "none", "cloud_type": [2, 1, 4], "cloud_heights": [411.1940859181019, 686.5599754082275, 1280.8110046034647], "rain_percent": 0.0}