{"time_of_day": "dusk", "time_since_midnight": 5767.709881092873, "cloud_cover": [2.5945551199806545, 3.6507680208126474, 3.1486056356425425], "rain_snow_none": "rain", "cloud_type": [3, 4, 1], "cloud_heights": [108.88973897019672, 674.0759687945742, 1415.84246240236], "rain_percent": 0.6396553335211168}