{"time_of_day": "day", "time_since_midnight": 63634.4890112157, "cloud_cover": [3.01662364678295, 2.535627693557293, 2.8953818330156698], "rain_snow_none": "none", "cloud_type": [1, 1, 1], "cloud_heights": [902.5217261264507, 1242.3169137304976, 1631.7192848085833], "rain_percent": 0.0}