{"time_of_day": "dusk", "time_since_midnight": 6375.727128839018, "cloud_cover": [3.6249863768671355, 2.259805175638442, 2.3318952362726955], "rain_snow_none": "snow", "cloud_type": [3, 4, 3], "cloud_heights": [878.9433174723375, 963.3734386613376, 1706.3151675333338], "rain_percent": 0.6816895291922088}