{"time_of_day": "day", "time_since_midnight": 63780.10050639271, "cloud_cover": [3.686292257945738, 3.6190844654229077, 3.2679746706907147], "rain_snow_none": "none", "cloud_type": [5, 2, 3], "cloud_heights": [697.7131176617257, 1289.1222793828476, 2189.213374476698], "rain_percent": 0.0}