{"time_of_day": "dawn", "time_since_midnight": 53063.23842934489, "cloud_cover": [3.6184641520758167, 2.877116256254488, 3.515956978908159], "rain_snow_none": "rain", "cloud_type": [3, 5, 4], "cloud_heights": [718.6234739492335, 1074.8544155049167, 1379.8728852388924], "rain_percent": 0.6008085297233322}