{"time_of_day": "day", "time_since_midnight": 57015.55167076347, "cloud_cover": [3.595424809925203, 2.154741370102114, 3.017090630933549], "rain_snow_none": "snow", "cloud_type": [3, 3, 5], "cloud_heights": [625.008051238288, 1133.8761417672135, 2109.5625409326676], "rain_percent": 0.9032196617548771}