{"time_of_day": "day", "time_since_midnight": 86122.64583974026, "cloud_cover": [2.449242762733913, 1.922157204694146, 1.7083697126041066], "rain_snow_none": "snow", "cloud_type": [5, 2, 2], "cloud_heights": [524.5918995824782, 1394.1752013424893, 1703.9581707532204], "rain_percent": 0.8038437718321502}