{"time_of_day": "dawn", "time_since_midnight": 53470.641195099895, "cloud_cover": [1.2766165973138293, 3.378282104083968, 3.6251924129623823], "rain_snow_none": "none", "cloud_type": [3, 2, 2], "cloud_heights": [564.2147784645236, 582.007866214524, 1047.1166030144925], "rain_percent": 0.0}