{"time_of_day": "night", "time_since_midnight": 39102.542504128316, "cloud_cover": [3.1482885367512177, 2.325362455525328, 2.8924877236176343], "rain_snow_none": "snow", "cloud_type": [1, 4, 5], "cloud_heights": [572.0623051619391, 1276.091115120009, 1973.6760809119314], "rain_percent": 0.48300143374370663}