{"time_of_day": "dawn", "time_since_midnight": 53172.208763420684, "cloud_cover": [1.8225653089077238, 2.7351803093702536, 3.904638486118034], "rain_snow_none": "rain", "cloud_type": [2, 5, 1], "cloud_heights": [493.2204047632562, 1410.3191100010213, 2092.4249869068512], "rain_percent": 0.7805550640071929}