{"time_of_day": "dawn", "time_since_midnight": 53251.00536615673, "cloud_cover": [3.418450860856549, 1.0639000695598555, 1.1805997545603537], "rain_snow_none": "none", "cloud_type": [2, 3, 1], "cloud_heights": [68.46299606853302, 647.6739075267241, 1475.3074189324425], "rain_percent": 0.0}