{"time_of_day": "day", "time_since_midnight": 63513.31377809685, "cloud_cover": [2.9675296384988625, 3.6366351629661677, 1.5358740407236806], "rain_snow_none": "none", "cloud_type": [2, 3, 2], "cloud_heights": [756.5066677909355, 1656.5216101122894, 2549.396327846363], "rain_percent": 0.0}