{"time_of_day": "dawn", "time_since_midnight": 54123.94472664257, "cloud_cover": [1.4371259144915978, 2.1083364809849696, 3.7038097263992515], "rain_snow_none": "snow", "cloud_type": [4, 2, 3], "cloud_heights": [558.1252132214615, 1348.571096817607, 2217.9228401270057], "rain_percent": 0.1407439671127534}