{"time_of_day": "dawn", "time_since_midnight": 53303.84504928481, "cloud_cover": [3.4223577482111995, 3.952890364319298, 2.7756856836965382], "rain_snow_none": "none", "cloud_type": [2, 5, 4], "cloud_heights": [620.0720790017716, 869.842171747418, 1498.9219758918184], "rain_percent": 0.0}