{"time_of_day": "dusk", "time_since_midnight": 6820.129857002787, "cloud_cover": [3.458047836619712, 1.6734144084402967, 3.0687432632775375], "rain_snow_none": "rain", "cloud_type": [2, 3, 3], "cloud_heights": [213.39360311459475, 464.6567170442837, 831.9631409131846], "rain_percent": 0.5987372039824853}