{"time_of_day": "night", "time_since_midnight": 27725.651672484077, "cloud_cover": [3.3348362380441356, 3.3133629079118587, 2.4517746707556767], "rain_snow_none": "snow", "cloud_type": [5, 2, 2], "cloud_heights": [338.0522956281804, 934.8222525912668, 1562.9351573194494], "rain_percent": 0.1323802445207548}