{"time_of_day": "night", "time_since_midnight": 18599.731015378493, "cloud_cover": [3.3865939479452285, 1.4323020956547126, 1.0084403328165679], "rain_snow_none": "snow", "cloud_type": [5, 3, 1], "cloud_heights": [76.4292084085264, 682.0852269769111, 1068.493023745264], "rain_percent": 0.057928990352885346}