{"time_of_day": "day", "time_since_midnight": 60814.72356565561, "cloud_cover": [2.026105780486363, 2.1888196159691664, 2.928250549611385], "rain_snow_none": "snow", "cloud_type": [2, 4, 4], "cloud_heights": [390.47140499744404, 639.6074103580377, 847.4915640556862], "rain_percent": 0.5712290558564435}